Participant ID,added_rows
7,2
8,85
9,285
10,266
11,21
12,39
13,17
15,3
16,30
17,51
18,308
19,294
20,259
21,15
22,138
23,275
24,153
25,88
26,300
27,226
29,279
30,198
31,94
32,14
33,386
35,264
36,193
37,379
38,96
40,267
41,345
42,309
43,297
44,189
45,189
46,214
47,265
48,26
49,342
50,237
51,299
52,258
53,325
54,393
55,219
56,129
57,287
58,353
60,151
61,37
62,231
63,94
65,101
66,275
67,149
68,123
69,43
70,29
71,230
72,302
73,39
74,14
76,68
77,320
78,7
79,38
80,252
81,227
82,273
83,202
84,58
86,4
87,5
88,10
89,154
90,75
91,255
92,10
94,324
95,106
96,93
97,182
98,261
100,125
101,135
102,284
103,243
104,245
105,186
106,198
107,279
108,131
109,245
110,331
111,302
112,27
113,298
114,37
115,311
116,264
117,284
118,269
119,187
120,54
121,329
122,308
2001,146
2002,170
2003,54
2004,363
2005,331
2006,14
2007,36
2009,123
2010,284
2011,235
2012,13
2013,146
2014,115
2015,370
2016,270
2017,353
2018,70
2019,38
2020,320
2021,192
2022,5
2023,10
2024,343
2025,319
2027,334
2029,52
2031,246
2032,184
2033,377
2034,303
2035,26
2036,1
2037,183
2038,181
2039,202
2040,204
2041,266
2042,217
2043,310
2044,46
2045,161
2046,275
2047,361
2048,73
2049,342
2050,256
2051,16
2052,116
2053,35
2054,362
2056,277
2057,282
2058,59
2059,118
2061,10
2064,112
2066,300
2069,20
2071,2
2074,323
2076,362
2079,238
2080,71
2081,1
2082,82
2083,184
2085,181
2086,77
2087,170
2088,218
2090,87
2091,15
2092,245
2093,309
2095,222
2099,299
2100,166
2102,263
2103,15
2104,374
2105,259
2106,346
2107,100
2108,24
2110,318
2111,39
2112,363
2113,61
2114,146
2115,315
2116,52
2117,108
2118,67
2121,121
2122,8
2123,308
2124,4
2126,185
2127,261
2128,367
2129,107
2131,298
2134,309
2135,98
2136,1
2137,274
2138,25
2139,290
2140,74
2142,308
2143,194
2145,351
2146,74
2147,27
2148,42
2149,164
2150,180
2151,25
2153,6
2154,290
2156,160
2158,7
2160,6
2162,332
2163,2
2164,12
2166,300
2168,163
2174,244
2175,115
